,A,B,C,D
2000-01-01,0.3818037160910074,0.15760892795773726,1.2050957942624283,-0.41628914715148396
2000-01-02,1.9441641420357216,-0.5038728027919365,-0.07023455033574977,-1.4670937865884457
2000-01-03,2.7599567832350917,1.2185919220432013,-0.07410977159508807,-1.639643611356279
2000-01-04,3.8614580317336973,-0.9937864106165906,-0.08130238305020436,-1.0076441611656999
2000-01-05,3.420312568711429,-1.279864685447138,0.8575662107109707,-1.1393189175168699
2000-01-06,1.4971819559389228,-2.1837736341735017,0.6516425673459691,-1.5521428895591942
2000-01-07,-0.8635310121895643,-1.9808866844491029,1.2826557593995505,-0.5145910253976718
2000-01-08,-1.8690789817339313,-2.7571229648749367,1.133610067406285,-0.2035868437071613
2000-01-09,-2.1185643466414694,-2.2760493123858794,2.4053632061527566,1.4057032361528836
2000-01-10,-1.632002932704488,-1.8165060464259581,4.074110073362663,0.6852165610739365
2000-01-11,-0.4768216685789006,-1.488764981688949,4.195215531702898,-0.71754904569051
2000-01-12,-0.27123821071012505,-1.2678974454416965,5.191238710626034,-0.277988171783874
2000-01-13,-1.363135374403481,-0.8986323838082122,4.080734260658921,1.0968685612105178
2000-01-14,-0.9951274614573471,0.2338161294928136,2.687646918570914,1.8594332643346398
2000-01-15,-2.0958961827116944,0.02207657687050918,3.050326515365998,0.7842795296019847
2000-01-16,-2.698549729448366,-1.3036242298287384,1.5158878672558989,-0.22190729536901843
2000-01-17,-2.4912232392672635,-2.256694609298733,1.4303647461490911,-0.029622064098585227
2000-01-18,-1.838223701619146,-4.664049018982508,1.7962929166582913,-0.7837071540877145
2000-01-19,-0.4530069703570814,-4.689158362604702,3.3781048106115827,-1.8329813947661724
2000-01-20,-0.9325117205365869,-6.216963416019192,1.9702118683427627,-3.368653151335029
2000-01-21,-0.8387147723765895,-6.257315116199413,2.6498411808014186,-2.78844767265072
2000-01-22,-0.37734031036035787,-6.868206219246181,2.81583567728796,-2.1151119770097813
2000-01-23,-0.8952164605148318,-7.760108207253005,3.250255443066779,-2.6875692788249923
2000-01-24,0.7601392099444928,-7.026808875497804,4.130692168351951,-4.423198036051987
2000-01-25,0.7629632487945427,-7.193148591987929,2.7527832468190594,-6.5155801376438855
2000-01-26,-0.8458896287408187,-7.711339240778814,3.6932951245853456,-6.3313430235176025
2000-01-27,-0.5902267052337116,-6.344897934845268,4.304694699637824,-6.903225999273957
2000-01-28,-1.6690330352322842,-6.286625256209899,4.055477094653863,-7.340724880338854
2000-01-29,-1.2545727287861177,-6.975297456557374,3.556321979261332,-10.1212172457348
2000-01-30,-2.1588625548937053,-7.815084807066858,3.2328607613924687,-9.573830893035128
2000-01-31,-2.823311046532011,-6.922671300016502,4.216513956791341,-10.789220740803707
2000-02-01,-3.7560277869252428,-8.278222475481044,4.477035638556398,-10.494887976222923
2000-02-02,-5.3507937782797335,-7.0714666510439015,4.042863429278494,-7.807731100436619
2000-02-03,-5.925181034137827,-6.912640971025807,2.1750455342295028,-6.2838982117067985
2000-02-04,-6.646410799457794,-7.900117546292269,2.8092735091311125,-4.5869631854821025
2000-02-05,-4.526785120542799,-6.69571753473453,2.5746250513694218,-5.136123600320615
2000-02-06,-4.07390146033618,-9.660814645602922,3.58701222126474,-3.2890874600158737
2000-02-07,-4.881715578724863,-9.016401329491593,3.448668625112369,-4.385846780167817
2000-02-08,-4.763110778849839,-8.747405723597378,4.277754674300617,-5.296836812589434
2000-02-09,-2.925703405601612,-9.376313905346127,3.8573136975552096,-4.649248712233296
2000-02-10,-3.559323389965778,-7.893618644482295,4.602534825989636,-3.675408349486933
2000-02-11,-5.195504028799051,-6.039651254534007,3.623022554333633,-4.582762230266596
2000-02-12,-5.661038076735652,-6.936948841195258,3.1121158407451714,-5.280367717049414
2000-02-13,-7.5206809375223544,-6.980257901624822,2.7903213852841535,-4.918538510328727
2000-02-14,-7.096419972830493,-6.378514116721303,2.634834514042131,-4.658995691779897
2000-02-15,-5.8030502459585716,-5.93943536659918,2.446475030510253,-4.2755308306685595
2000-02-16,-7.219044920402251,-6.311374362422763,2.494656287781614,-4.787946417671591
2000-02-17,-7.553441926502422,-8.107041514862138,1.1196034080035333,-4.200430515549843
2000-02-18,-8.662479764403276,-8.709617431024405,0.8950952700208418,-4.799769507548642
2000-02-19,-7.621872776448608,-8.065579264678025,1.7173954511743612,-4.805330544774643
2000-02-20,-8.242464319069638,-8.73591546171996,1.9435960888891708,-3.6185278024285896
2000-02-21,-9.699790578028733,-7.125301252058925,0.9425868049431356,-3.2237062145966418
2000-02-22,-10.567295677191586,-7.830988279064737,0.8875247542613536,-2.0951708576241534
2000-02-23,-10.902644444334925,-7.2371262259901625,0.9139766898753661,0.4236382688770357
2000-02-24,-10.720240804372269,-8.871020310424957,0.9571823077060685,1.1826435202036163
2000-02-25,-9.510593702338172,-9.49973333175685,1.2951294616549585,0.5628023846436874
2000-02-26,-10.952552076585178,-9.136106313061573,0.33273604978032956,-1.2639313049113792
2000-02-27,-9.282471020096724,-8.777575304155405,0.1433293496801205,-1.9501602493225392
2000-02-28,-9.869228430670733,-8.551028953455816,-1.223296402777573,-2.272404573440083
2000-02-29,-8.066751727018465,-8.433747819725763,-0.4974038219727528,-2.7956466219952874
2000-03-01,-7.59177394194457,-8.975113823756143,1.22205135642859,-2.417632359419464
2000-03-02,-7.637292477753163,-11.104227818381284,1.0813267068274475,-2.84566664986526
2000-03-03,-7.038004954129099,-10.402225156222904,1.0314420381639755,-3.203281086422077
2000-03-04,-6.70870735050806,-10.129965450056131,1.1829770068431669,-3.623315789573147
2000-03-05,-6.428047183978026,-9.969279067140027,1.6344924323347625,-4.199143208177827
2000-03-06,-6.475497851115681,-7.350146949678152,2.3183432606237813,-4.217688708738646
2000-03-07,-5.84382141015813,-9.507403113276112,1.0010248885951027,-2.808505263169442
2000-03-08,-7.5156346501895435,-8.199990612696448,-0.0037768198342695847,-2.566901175403951
2000-03-09,-5.6520532570270845,-7.576036432784266,0.043678948570846046,-2.413256719948293
2000-03-10,-5.551044519151969,-7.293387552993562,-1.7560066861804102,-3.3514401258354876
2000-03-11,-6.173960339703943,-8.279472865590723,-1.5275230302784824,-3.927695663749622
2000-03-12,-4.746966879851335,-8.14580900745549,-0.20157126189371732,-0.9020535671338679
2000-03-13,-3.9304334516499875,-6.919138802307252,-0.11691486102497713,-0.8130234401715417
2000-03-14,-3.8217934479782367,-7.476163272825874,-0.08082357926225418,-2.265578455171288
2000-03-15,-2.8018823167117928,-5.217036864003749,2.051035253942488,-3.344620563608259
2000-03-16,-3.215531986674778,-6.119728178596745,1.2947752008843312,-2.637446037817558
2000-03-17,-3.5594229632213894,-6.1017755693305045,2.0911993452836386,-2.4984343424429865
2000-03-18,-3.639744944280288,-7.777752066753556,3.538709536821382,-1.27074448497739
2000-03-19,-4.6345449058566,-5.873609595949364,3.4290166154772344,-0.23860832544812682
2000-03-20,-5.825067689583546,-4.868010875168565,3.0778567693527217,0.09793979462153313
2000-03-21,-4.7393739640937556,-5.2098355565809324,4.059561500568028,0.3088990550705645
2000-03-22,-4.4273695866814045,-5.53769542970523,3.540878117363624,-1.0765419874603541
2000-03-23,-3.7989976995304504,-6.381113922871958,4.880837993585387,-0.9057778675845982
2000-03-24,-4.248474844716288,-5.645357771452629,5.024780315588587,-1.4776689879641638
2000-03-25,-4.54437370537568,-5.10210531916541,4.66875691006378,-1.7062241536552087
2000-03-26,-4.4956213681504735,-5.545872825551684,5.802032536998962,-2.0967745914448956
2000-03-27,-2.404982744907172,-6.176770266988061,5.88440523006645,-1.7749624228695797
2000-03-28,-3.2959704518009945,-6.384950885988546,6.961255520726654,-1.232713882699176
2000-03-29,-3.779822199402513,-5.020969858558259,6.484872278003079,1.3484395159697526
2000-03-30,-3.002265205963974,-4.280003381457474,6.934033562417987,-0.06147561980592364
2000-03-31,-1.724642194693407,-2.8562098512082494,7.256053910605952,0.59620673613234
2000-04-01,-0.7197587600565849,-2.822360518236827,5.758192923425193,2.1713831578573073
2000-04-02,-2.2386944604653323,-3.00366060239851,4.662418776316208,2.662856084053085
2000-04-03,-2.8799529574108926,-2.931408107345565,4.655670154358308,3.624394508004447
2000-04-04,-3.223349716063829,-1.68406589224624,5.233257501390579,3.377673959076929
2000-04-05,-3.191811927205655,-2.7720555389314363,5.528032148984492,2.8688786579045313
2000-04-06,-2.6030753967705973,-3.485854930594919,5.474780758077184,3.860164900602494
2000-04-07,-2.920705780968972,-3.2399911283670235,7.3217791697173356,3.1408833564892187
2000-04-08,-4.928150906921737,-2.4238327197543073,7.115085485572267,3.3005431027439225
2000-04-09,-5.4834264573943585,-1.8378712475606307,7.529637526056358,3.0175347764022495
2000-04-10,-5.34688534706291,-1.0876965362500255,7.116116961192493,1.9165275918271012
2000-04-11,-5.557194936326049,0.3299720548951348,7.846908222389342,2.229574977408496
2000-04-12,-5.66058156356626,-0.12322847138249826,7.352940795035528,3.800399608962781
2000-04-13,-3.66686968049609,-2.618732271281579,7.540554520692618,3.455832663631755
2000-04-14,-3.2992578500034155,-1.6136233862443667,6.221169138008712,3.8858905408848194
2000-04-15,-2.6848134860189363,-1.7041761973283518,6.814170461055414,3.9540094723858865
2000-04-16,-2.574764765150002,-0.22020837496348444,7.361308367267332,3.825850941609982
2000-04-17,-2.274654145695958,-0.3940745057136128,7.932195131438745,6.491390868510271
2000-04-18,-3.52848374993692,1.3803138204632956,9.865191144815048,6.860861225522789
2000-04-19,-4.737089976242441,0.5427717210824466,8.723219845710041,6.2415552445802245
2000-04-20,-3.910144365171717,1.0646788551055648,8.318770692243099,5.60263866655174
2000-04-21,-4.441191945405171,2.4645165960895405,7.880148886073707,5.027456647499804
2000-04-22,-3.8922302906920745,2.6898109448282512,6.877433119566282,4.124217615747118
2000-04-23,-4.873012500411822,3.3352434552529426,7.434007601789285,5.31183385143434
2000-04-24,-5.774853227666359,2.7175704466041006,6.261427289512497,7.081116535695565
2000-04-25,-5.998612300758241,4.17825460417456,6.305202606382187,8.206473896451635
2000-04-26,-7.367287367535527,4.1893386312724905,6.841392428399059,8.961094252163543
2000-04-27,-8.881187613420954,4.7092044189827655,6.449235210443267,8.952779997980066
2000-04-28,-6.461923888800887,4.32446940160961,4.336757671308655,9.085290589471118
2000-04-29,-6.038822164447269,4.770660575540215,5.64591289479481,9.199021223237024
2000-04-30,-5.358906001169087,5.486782045780554,6.644874099204355,8.26383619264433
2000-05-01,-4.842988268006031,5.047974422101512,6.200234762173203,8.255864557247746
2000-05-02,-5.7498808991126875,3.7531647148629736,7.532159443777306,7.26755085613654
2000-05-03,-5.51666338045995,3.0562719625381263,6.59059230932832,7.11710785223246
2000-05-04,-3.726072382908228,2.9351716729875346,6.3457335789480815,6.3126664021052745
2000-05-05,-1.6224815809789797,4.796003642363566,5.4461688000645445,7.49007752736132
2000-05-06,-0.2919770764445706,5.2586797537189875,6.304101573776902,8.505519360155624
2000-05-07,-1.174523818215194,5.62048562351497,5.849167253783664,9.515803761157482
2000-05-08,-2.217515711583805,6.753769105700469,6.538226184067102,11.018801598611658
2000-05-09,-3.4280217280610294,7.0360616962522755,6.42421916362758,11.9345891288031
2000-05-10,-4.979250743533527,6.251399314134419,4.694345042259652,9.430938993344867
2000-05-11,-4.675149420650356,5.368359701838084,4.0454026389065145,10.158358012970272
2000-05-12,-4.744720514747094,5.876414106054405,3.7205873591518706,10.532112661219807
2000-05-13,-3.2765769095865043,4.26851807989582,4.686352114210744,9.28463533231926
2000-05-14,-4.426979569337942,4.185375193789886,6.681202331006741,8.205634066803757
2000-05-15,-5.407301053471536,3.8127087850250785,6.7771926115284185,8.157444271703449
2000-05-16,-4.803380656128242,3.4496240447660673,5.877285905229341,8.634239246940949
2000-05-17,-4.9848618171028996,2.6326627444287434,6.577336422763441,7.20898763293061
2000-05-18,-5.186644514899204,2.9624113796260576,6.995175596473497,7.131891894843632
2000-05-19,-4.873886073060618,2.7752876394951578,6.130020154978963,7.634987062330865
2000-05-20,-3.3429793790292464,1.6191958755386862,7.045988021202079,6.656921113032242
2000-05-21,-4.515150022638271,0.9736047052786312,7.235354506013285,4.8179912843771415
2000-05-22,-3.3014414119086766,0.3204615075770276,6.503593840320198,4.178473589952434
2000-05-23,-3.920980425976727,0.11998835793461685,6.849857253396921,7.868412546183119
2000-05-24,-4.850350251103675,-0.9071754711051729,5.193823300286873,7.7893885437489505
2000-05-25,-5.31040872785795,0.23605867809931413,6.796917527165871,7.769268479753105
2000-05-26,-6.265532787190268,0.4705986077534394,5.404287213153188,7.985495743719967
2000-05-27,-5.2328305241058155,0.6653601491789946,4.989057561289608,7.65511845143392
2000-05-28,-6.058478991322858,-0.11315627475726242,7.027397935607551,10.222804411473076
2000-05-29,-6.193426165614664,0.3860941337664027,8.595415536125756,9.626576700004234
2000-05-30,-7.215037178309887,0.5124449528234811,9.487953524763531,9.380690993039291
2000-05-31,-5.80513955380199,1.7927135540990633,11.744764251315932,8.331820213193588
2000-06-01,-7.0625033927744525,1.0170749477068,13.089633514990075,7.8287021050947345
2000-06-02,-8.75749447487952,1.2120858464951996,13.571894615296495,8.646594519769865
2000-06-03,-9.576531845861009,0.038253962257621676,14.992121353407777,8.882115011334227
2000-06-04,-9.603328647950146,0.2572424015218727,12.411597833502906,9.067987106969285
2000-06-05,-9.153429448276933,1.2611680015491062,10.594133482538084,8.505865474567365
2000-06-06,-9.545480978571069,0.28445972376392337,10.417558092844367,6.526325654198697
2000-06-07,-7.999574526621817,-0.19259061488641477,8.855146695908662,6.117134539201553
2000-06-08,-8.837953696035358,1.2819521103220284,10.033351821810074,6.8159002661766275
2000-06-09,-7.788694845171508,1.7927975030893157,11.253425614300808,6.037927764149393
2000-06-10,-7.816066222996471,0.8986303620382936,11.701674898537703,5.683377395423574
2000-06-11,-7.000234404065899,0.6000427475492396,12.221100060879552,7.001269150139432
2000-06-12,-6.651198615459066,0.13096986865100463,14.623242603926547,4.321207902858012
2000-06-13,-6.005157575584602,0.6051251849824215,13.173698671089925,3.1420141453937616
2000-06-14,-8.21805026957992,1.7412432659436685,11.983738897024251,3.834170347324674
2000-06-15,-7.731532721241776,3.142886076196667,13.244069162226126,3.771212410644563
2000-06-16,-7.544134445289774,4.194647515534962,12.108307917232686,4.6414626710655265
2000-06-17,-7.884169924199232,4.47502031321264,13.395081873241908,5.394051733124533
2000-06-18,-9.222908025060203,2.182522023106688,13.102468984598401,4.892213614435821
2000-06-19,-8.965532806076288,1.7902360201265237,12.072986434412876,5.083702079451433
2000-06-20,-9.548165532984527,0.10584804301026574,10.930439108344574,4.651655000976478
2000-06-21,-9.551190614597981,1.0608986787304222,11.692446906338937,2.8290841641720417
2000-06-22,-8.962880796199677,0.38684899291148067,12.040118664902169,3.949887150848182
2000-06-23,-8.67732632723921,2.784904664634268,10.44600399462382,5.195027042374605
2000-06-24,-7.237260387664911,4.803043513881516,8.054126515011983,6.860660329329791
2000-06-25,-7.40092789738666,7.3566186496694135,6.440141692701368,7.4811346654755555
2000-06-26,-7.0144813018484795,9.646987132016696,8.134826130812737,8.321883401994148
2000-06-27,-5.463078518440881,8.866744713234215,7.728749854669631,6.959372066411664
2000-06-28,-5.033267584527843,10.144295198511854,7.5451627395292356,8.198476353346386
2000-06-29,-5.330193653412166,8.57918187990888,8.417311044594507,9.502144547302287
2000-06-30,-4.15022763526339,5.5346283169861685,9.165658845792626,8.505312785873071
2000-07-01,-4.062524376806452,4.441542898659314,8.799806623796332,8.459174726143962
2000-07-02,-5.266193053985442,4.583855522042321,8.745242163488001,8.111509497969676
2000-07-03,-4.265296725099648,4.794340072585108,8.418879399974118,8.283404581929094
2000-07-04,-3.7056995675117106,5.728673694214476,5.832035761317059,8.289941178642733
2000-07-05,-3.279385082636541,4.446857464267669,5.69901617775578,9.153495860735278
2000-07-06,-2.5847106413875016,4.496916817256894,7.574483877632104,8.330048709753509
2000-07-07,-1.9167919644200508,3.9137837722944395,7.467048029962486,6.2033930416431255
2000-07-08,-1.91866627678449,4.373256141366137,8.707251114665054,8.234819531989645
2000-07-09,-1.3990557652054318,2.74867478474975,9.28588958126378,5.22276737670862
2000-07-10,-0.697103399216171,2.0520546523179615,9.878800017801298,5.234845683892302
2000-07-11,-0.6218538869894606,1.0982447811608398,10.376761457808644,4.151030996513244
2000-07-12,0.21534694266568521,0.9465811819307266,9.55835889768943,3.886666256608566
2000-07-13,-0.3481785587423353,2.400747523910354,11.114728190610993,4.984383466339077
2000-07-14,0.1513568100328347,1.669229813515078,10.848214446259306,4.539373563124823
2000-07-15,-1.4367583494861313,-0.3719640902313728,11.421172412099233,6.981036839841574
2000-07-16,0.5198681638746063,-0.8892624428891416,11.434676012245015,5.9070150268048485
2000-07-17,1.5131493522564303,-0.9145369921444048,14.266743571574807,6.241768184357312
2000-07-18,0.4208642033825938,-1.3554672122016813,15.305195036869872,4.908426837875648
2000-07-19,0.6648762488571704,-2.9638188368098146,16.226623099681397,4.58870750539587
2000-07-20,1.8211834079006208,-4.032735541759859,15.552026478575968,2.5542506906814464
2000-07-21,3.4607815077573285,-4.239399648731879,14.436400844927821,1.7145489742856848
2000-07-22,3.7607318601721786,-3.2146093605652166,14.318857016022712,3.242061571663231
2000-07-23,4.158843214022415,-3.742866283732988,15.085093484768064,2.6050896957447427
2000-07-24,5.385132890904722,-3.428003024584859,16.408056971722925,3.0601643797938936
2000-07-25,6.2429425222282156,-3.2830901885506476,15.842570526655914,2.428707898323532
2000-07-26,5.8964427937739,-4.565750654296429,17.470587609393217,2.458783531807476
2000-07-27,6.634910532288899,-3.3906473179643513,17.85269262520708,0.8548282150280913
2000-07-28,5.925283456809046,-6.47538316102454,18.35660842172541,-0.26635448952336516
2000-07-29,7.235477651781261,-5.528884412949132,17.696999244296908,-1.2599798084115534
2000-07-30,7.3278689898243625,-4.297750777986836,17.898982007315567,-1.4196571240213247
2000-07-31,4.903045433762075,-4.812204868159624,17.402406266534907,-1.4915595759246332
2000-08-01,4.947718129235958,-5.500700161297438,15.301411800525853,-2.27295232181317
2000-08-02,4.661068627562981,-4.571549662625649,15.758235861656127,-0.34045500101967896
2000-08-03,5.463564650564498,-4.428476407624968,15.18812486171424,-0.3098350923207219
2000-08-04,5.77266090955973,-2.8212229137420373,13.733860666550266,0.32039413495780955
2000-08-05,5.313261505782091,-1.9989714247087784,13.39046322795272,-1.863955709779908
2000-08-06,5.918633372235241,-3.613684344183125,13.888849073031015,-3.3759949352302607
2000-08-07,6.528818408964753,-4.275774216071523,17.009185701208704,-3.214005840212644
2000-08-08,6.86079834973675,-3.903424883727722,17.60045862917536,-3.356289931785916
2000-08-09,7.347021543614487,-3.6923252499986092,17.679973443745133,-2.1283077848050187
2000-08-10,7.409404671230768,-4.803602806311244,18.14515147153859,-0.898503186104805
2000-08-11,8.906558221191116,-4.854199347046604,18.04770724794387,0.6640020688246198
2000-08-12,9.156776328574734,-4.046577629878049,18.052517023605475,0.5711218993806702
2000-08-13,8.586672495026416,-3.681325114433218,17.425146523115995,-0.15115017984840995
2000-08-14,8.107825348482342,-1.6377996606444194,16.032749825817657,-0.3685463524557888
2000-08-15,7.017028911684518,-0.8678115530631026,17.63482054614712,0.4273074916217662
2000-08-16,9.020322391282518,0.47244121878502765,17.374963578375485,0.3100580765029798
2000-08-17,8.027867775430295,1.437930202940469,16.948427211466225,-0.6168414963555964
2000-08-18,8.483568828713736,1.5580401451570716,18.201032454132925,-1.5599103730829245
2000-08-19,9.899438789878905,0.7204347333826703,17.857517692038396,-1.3454034314177936
2000-08-20,10.479694711742084,-0.6294982287218663,19.923533556017556,-0.3227027130869118
2000-08-21,9.37451239744526,-0.28753512475464155,20.199341398835468,-0.40049739513902266
2000-08-22,10.148666595686182,-1.1103501913481093,20.541409071613085,-0.6364175468936404
2000-08-23,10.925881816077622,-1.8671401468729212,21.757306029071017,-1.5448290251233388
2000-08-24,8.1992488401759,-0.5134579737273675,23.085889779840187,-2.1360457328150018
2000-08-25,8.460165505698026,0.7173218538459152,22.516147772299515,-2.192163256499311
2000-08-26,8.091073821283263,1.3425501112792622,23.06372955544912,-1.5100817206039716
2000-08-27,7.858681357402579,0.17247439275020682,22.230566108919998,-2.937770436736127
2000-08-28,7.318565729996799,2.9141125488069246,22.737403474265637,-2.5725249546401345
2000-08-29,6.2685370014845745,4.016478758748737,23.476078723066948,-0.2329256468665224
2000-08-30,5.723342269438784,3.4802598626085,25.562478157177775,0.4950318550471525
2000-08-31,5.860048740299345,4.068636854190579,25.18983396870681,-0.3348207871358103
2000-09-01,5.136916160706765,4.144530394814747,24.73070298658836,-1.1540440868756408
2000-09-02,4.387241067132839,4.247126408248165,23.7937914393133,-1.5214278493884703
2000-09-03,3.6832550353333153,4.012185393794259,23.668656936266384,-1.6785630273410737
2000-09-04,5.530113776264834,4.603484214568376,23.522092750195064,-2.777682345994108
2000-09-05,5.985780031398289,4.8655115696399935,24.581468196017724,-3.5180846975998414
2000-09-06,5.652153862649096,4.945311575120086,25.32020829006225,-4.180685196520086
2000-09-07,6.540731406230622,4.164364506289991,24.927279623262432,-5.968688811780913
2000-09-08,4.860315689248153,3.6370046110370993,25.124933700926615,-7.341640353865812
2000-09-09,5.040122637420717,2.9533553411913522,25.576795997436893,-7.192474463357493
2000-09-10,3.3733090845155678,3.985651801393967,26.63691131420632,-7.04558083152064
2000-09-11,4.1586766247809575,2.1136860594457354,27.977255047627636,-9.09316887949691
2000-09-12,2.1624392638522263,2.979702739930736,26.88420848130976,-8.87119565075344
2000-09-13,2.1190267778038314,2.3382075781555534,25.25273142953302,-9.71244790958625
2000-09-14,2.205055890842945,2.310700413438811,26.45506392365704,-9.218386536302505
2000-09-15,2.8514399480872132,3.2618342194704484,26.504031494801556,-7.831664860755275
2000-09-16,3.8092426602708707,4.312053826534276,25.860453809669483,-8.497939668236084
2000-09-17,5.404900495213844,4.604564557129774,25.142531993836556,-9.070763630643214
2000-09-18,6.459341597392003,4.184198631401955,24.530642778746284,-7.004619583007094
2000-09-19,6.108281151297859,4.406497191358287,25.186948259897036,-7.570391184609877
2000-09-20,6.794603622578574,4.63599501852315,24.999527993727963,-7.885813091238214
2000-09-21,6.104553753005873,4.1875199330579145,24.5557230009561,-8.215538848835843
2000-09-22,5.800060802980234,2.8857910014088186,26.33304612310685,-7.983387468371326
2000-09-23,6.409641777950651,1.613591874994503,26.716877247713118,-7.066075653856321
2000-09-24,4.926195711626373,2.363383195338252,26.337564669372814,-7.947979319414063
2000-09-25,4.600516080308837,1.0652080989490798,26.815860593542343,-8.94715646660034
2000-09-26,4.40761883887636,0.9227149001567642,27.29165332501502,-10.560499637123156
2000-09-27,4.841789788556563,-0.3325749118901965,28.002931590305842,-10.353779159065528
2000-09-28,5.0770569365442055,0.22553993357009539,28.05245964084063,-12.097921383538033
2000-09-29,3.8144858307288723,-1.1300229648878717,26.665479319920095,-13.717547367600117
2000-09-30,2.946124576208651,-4.13601427729361,27.78670781947953,-11.822431183140193
2000-10-01,2.0284563674896443,-6.197932232697653,28.31868275123701,-11.746750447857966
2000-10-02,2.2220717323712544,-5.40794010003718,26.52915118931045,-10.62094140033187
2000-10-03,1.6551655776242642,-5.907602338518851,26.147117248302187,-10.648057791304344
2000-10-04,1.4856965535768265,-6.444517563714614,28.116768690860805,-9.383246460720533
2000-10-05,2.1897262124102554,-8.574556799132525,27.024209716280733,-7.853244383276649
2000-10-06,0.5206717629154931,-8.558804753179604,26.064132471267165,-8.511933152336931
2000-10-07,2.7953598919219833,-8.883027871912606,24.122517976844815,-10.11515189420554
2000-10-08,2.646909760881427,-10.170236214575407,24.105308334096556,-9.983427826652491
2000-10-09,1.33618124114692,-10.574896420466438,22.539455204191928,-9.421242997830737
2000-10-10,1.2961152264598643,-9.250689433691551,21.671248430807694,-9.574317472171675
2000-10-11,1.635890854465782,-9.931881421844599,22.771853614051345,-9.203021106590349
2000-10-12,2.357306226156521,-9.432689295014034,21.531126363188445,-9.713589384491797
2000-10-13,3.936515411663377,-9.089122242002333,22.70762244109394,-11.509139228332327
2000-10-14,3.6189857308843987,-7.954142366783643,22.241616779921298,-11.325624393054284
2000-10-15,2.6372518213063065,-7.874969337043806,20.500368031901083,-11.043285235662571
2000-10-16,3.550447323920425,-6.994968214554966,18.96259838890562,-9.556128726115569
2000-10-17,4.032259893093905,-5.735353334158274,19.08652640750519,-8.935808269469378
2000-10-18,2.697890853960604,-4.188291537124438,18.330181199029656,-9.38192820632058
2000-10-19,4.750288501159836,-4.93760811398955,17.144931609319933,-9.552157375943537
2000-10-20,4.474007877472799,-5.628945113461472,14.268027058498927,-8.708496366750442
2000-10-21,3.4801209837787423,-6.639058575015657,13.150397187383076,-7.835255913875903
2000-10-22,4.051822385533329,-8.099109751508148,13.93370696230698,-7.413869873944751
2000-10-23,3.0567325327554267,-7.033600139986538,13.74863638364708,-7.282949150319465
2000-10-24,2.524055050456836,-7.702053348818948,11.565186016848422,-8.42388092092483
2000-10-25,1.4061973076134455,-7.853702908648115,10.815493167970812,-7.968263600459095
2000-10-26,1.134172038128519,-7.6004930276633464,12.470700713627147,-9.137802550854786
2000-10-27,1.3148300886762054,-6.883938732264347,12.580633823338715,-8.170493503383197
2000-10-28,0.49647066337593615,-6.414117553938159,12.396029724425176,-7.966303110686676
2000-10-29,0.6768035677698908,-6.06297720928818,12.977862893413244,-7.606800774787089
2000-10-30,0.01794167440603467,-6.773960135566185,15.244238341003374,-8.814786888062992
2000-10-31,-1.0273094612780618,-6.030829775824811,16.083478572415984,-7.660826626501846
2000-11-01,0.2945526397911311,-6.097363954198138,16.698490466317544,-6.921071837946824
2000-11-02,0.9089959039141542,-7.060645445333568,15.991653094412067,-8.535067679779154
2000-11-03,0.6619039948989903,-7.323840536761032,17.260346915032226,-8.198163530332158
2000-11-04,0.8243861270337998,-7.565416931324416,18.04526162185013,-7.996408535762586
2000-11-05,0.09992928603259987,-7.411516549396389,17.797410043825437,-8.655418478046855
2000-11-06,-0.27150544878718014,-7.505062186571177,18.48761157598942,-9.819375276572195
2000-11-07,-1.587473617176131,-8.162567004077545,19.936395928896204,-11.141455632416298
2000-11-08,-0.5119231260965149,-7.466586288628926,21.237790846359296,-9.819115050562129
2000-11-09,-2.386539104006038,-7.8036155617918075,20.258047128040676,-7.891012081557162
2000-11-10,-1.9206683677723912,-8.150809958262553,20.85295855566209,-7.92970276225853
2000-11-11,-3.6783271631833423,-8.949480704868018,19.656104824074966,-8.441129952811151
2000-11-12,-5.788650036718215,-7.283581411376374,19.492497353256063,-8.130691820856857
2000-11-13,-6.3180210984743175,-7.295846994329526,19.994499554094514,-7.872900376905198
2000-11-14,-7.313697498697953,-8.633263563052495,20.869569273514387,-7.249798387533934
2000-11-15,-5.833218680874181,-9.132697163837888,21.173324461490918,-6.734692423770173
2000-11-16,-5.949301982144899,-9.055632585988993,21.2421034871361,-6.07704788142944
2000-11-17,-7.039283814880766,-9.614341144932833,20.90222165598892,-6.922764232840485
2000-11-18,-7.046139348701037,-8.540280244751102,20.98935081601577,-4.737940477539704
2000-11-19,-7.327879783882528,-8.192143043961154,19.93447871933279,-5.860712919741764
2000-11-20,-6.956190449067863,-9.065499461126866,18.96834826625802,-6.139692232206638
2000-11-21,-7.606116570584363,-8.14259774510892,18.83607083442931,-4.795079312413897
2000-11-22,-7.406370288208869,-7.420787599585808,18.919708967467752,-6.9150723602463735
2000-11-23,-6.9202110192399156,-7.5345192929117975,19.849808720992282,-6.663564906645832
2000-11-24,-5.932923491957424,-7.318547095406251,20.596692742808678,-7.1088409743042815
2000-11-25,-6.299185666365456,-7.19026193115186,20.850993199695022,-7.381281784807247
2000-11-26,-7.010581438479993,-6.836269882560758,19.238343685354256,-8.764023663685675
2000-11-27,-9.092935980811287,-7.292890455920328,20.577582029497908,-6.623802513275104
2000-11-28,-9.356258937406855,-8.17636210190755,20.302345838979562,-6.654901994474302
2000-11-29,-9.270731049098865,-8.850949219595064,19.599450140304835,-6.183653654417942
2000-11-30,-9.253861021673456,-8.016438696236072,18.701993750271573,-6.53902100848798
2000-12-01,-10.91512356909185,-8.979271709749133,18.270395817770265,-7.262012801781928
2000-12-02,-10.174453877409777,-9.701468975848488,18.611998707181883,-6.459015724200157
2000-12-03,-10.52416022650165,-8.984676339808374,17.891505038672335,-5.707059351394002
2000-12-04,-10.80487055613317,-10.513476520185186,17.841920811986054,-4.681951909849329
2000-12-05,-9.197489346334986,-12.198205786289765,17.038096663029226,-3.91611104555857
2000-12-06,-9.031913297964534,-11.809296816859394,16.543341290400218,-4.6062859397022935
2000-12-07,-8.182130177734534,-9.482259736793447,17.990319551682703,-5.406602247264424
2000-12-08,-7.699712640987101,-9.150723711212205,17.57705358960089,-5.531318420130123
2000-12-09,-8.909034702545775,-9.369586764044852,17.212738641002673,-4.563173550672573
2000-12-10,-9.337893247860373,-8.616864446429096,18.54542340277915,-4.470962745210128
2000-12-11,-8.649935679019086,-5.709069512455246,18.652280052820117,-3.5960927987816875
2000-12-12,-9.261077479770218,-5.359018975533005,19.09138807820583,-3.0401823519116333
2000-12-13,-9.59759028215231,-5.388887960979981,20.729146533281316,-2.8438739193818976
2000-12-14,-10.396510304517573,-5.070986203976868,20.320214826250396,-3.059633965677095
2000-12-15,-12.040996051175659,-4.891622759740673,19.994729086542982,-4.565009927315239
2000-12-16,-13.135536184109263,-4.090494754761158,20.80337401078833,-4.015261979399339
2000-12-17,-12.850988961121551,-3.1631797501468477,20.668357229291868,-6.70976283061346
2000-12-18,-13.5416988824589,-2.959976464297338,22.141839657451875,-4.56279091328016
2000-12-19,-11.83448085760606,-5.263684980674393,21.619320517882954,-3.5339460322781795
2000-12-20,-13.167613276833896,-6.957719156672874,22.860001782865886,-4.190994148136836
2000-12-21,-13.058408234094754,-7.254379391174324,24.210711192333783,-2.738123662956417
2000-12-22,-12.735740176961784,-6.513324428947486,22.28582481813841,-4.895748154115051
2000-12-23,-11.316428924845527,-5.289003935287748,23.62796221486305,-5.285400448938464
2000-12-24,-9.78679558903,-5.837896153974018,23.115538092817086,-5.811577786813265
2000-12-25,-10.662675911545715,-4.746894264450723,23.37551689439572,-4.308925804303576
2000-12-26,-10.860914191992034,-4.4844179205656465,21.795431333220677,-3.249337548591008
2000-12-27,-10.35779177946455,-3.268816049856529,22.485651701053747,-1.6041990462345197
2000-12-28,-9.816517016033243,-2.663372702730027,22.202409587799796,-1.5252668213067437
2000-12-29,-8.447901550644351,-3.634439500728019,22.1222453997911,-1.845148180744855
2000-12-30,-7.292195006163652,-4.0249904573930895,22.558487789102973,-0.12335696057933099
2000-12-31,-6.948466445996678,-4.347519486742763,21.418543293019248,-0.2869784531120397
2001-01-01,-7.775334675884286,-3.0101517239133297,20.471968398638875,1.0705511171125115
2001-01-02,-6.992244334573634,-3.138497215787664,20.33755508145881,0.7438019999279101
2001-01-03,-6.588426435276021,-3.0527492887245327,19.60990190659669,1.3932234408784745
2001-01-04,-6.327728709078156,-3.80116222315547,18.598564261388667,-0.37538325273346773
2001-01-05,-4.6472157832649374,-3.232702342446819,19.715747360393554,-2.0904333185054327
2001-01-06,-4.75632770767493,-3.7085462592780485,19.420447719304995,-4.713695285651159
2001-01-07,-4.082764663348764,-3.5882379515126646,20.002669136715344,-5.491306737951678
2001-01-08,-4.096885717865415,-3.8607260582397904,21.406660566277687,-5.532791232480151
2001-01-09,-3.663186359479007,-2.8558966899710008,21.898128078964888,-6.828189089042573
2001-01-10,-3.6315915151321283,-3.3866121284264747,21.571584354316688,-7.260036306408803
2001-01-11,-3.9448615434976055,-3.4524708887118907,21.32385799704848,-8.34244196281596
2001-01-12,-3.1660815632261476,-4.737658616678832,21.34201416909508,-7.955904785270312
2001-01-13,-2.798978783217315,-3.543387341343556,21.987903399289618,-8.565717052656153
2001-01-14,-1.6674669539395932,-2.528109692765443,20.86745350558382,-6.672015051547909
2001-01-15,-2.422348204784714,-3.1800645845286173,20.408223518161453,-7.904048671341533
2001-01-16,-3.217384517701557,-3.3642512856257416,21.34038083133475,-7.73122203149
2001-01-17,-1.864593694787201,-2.5909586305056447,23.206701435219635,-7.596552903854889
2001-01-18,-0.8898928284197043,-3.971143344447973,24.074271889596044,-6.547767745140013
2001-01-19,-0.9056019471151775,-4.52400844757099,25.52360956013006,-7.111778407441403
2001-01-20,-0.28513303714703153,-4.492122354048557,27.299355254377495,-6.129246549073463
2001-01-21,0.8642097721534441,-3.7492475612162464,27.843797380392083,-5.431078699749387
2001-01-22,0.08677063187235767,-2.894646232589868,27.296319369613315,-5.974256392140824
2001-01-23,-0.4709746556840281,-2.3652503191818517,26.57765534418521,-4.654021708330878
2001-01-24,-0.5244752559758682,-1.4557966219630583,25.753497273848044,-5.430162617508774
2001-01-25,-1.8762513881023857,-1.1117054650341083,24.919929424227018,-6.633223388354603
2001-01-26,-2.2202000329780947,-2.191927305324837,23.37868624098558,-6.794937092350314
2001-01-27,-2.0327028400073845,-4.129624430915235,23.613687396130935,-6.7659230837896835
2001-01-28,-1.171046972571454,-5.342616278733472,23.194203614318567,-6.7209242417805
2001-01-29,-0.3802628444124325,-6.447779993520531,21.443465560296584,-7.329940163115498
2001-01-30,-0.9206408618722041,-5.345659151533431,22.11728845638114,-7.697654855431679
2001-01-31,-2.7144178238538093,-4.316679835289109,22.092283767695793,-9.74349163387067
2001-02-01,-1.4359476063220273,-4.580842445663616,21.472798200890107,-9.743352474525778
2001-02-02,-1.7595527341316295,-2.6994090997729376,20.567375805984643,-8.04373360926716
2001-02-03,-1.614328497576206,-1.980241274879262,22.008968218897618,-8.652387476340756
2001-02-04,0.9382167209871306,-2.0541715083410215,21.138286363251527,-8.549543094514009
2001-02-05,1.4524398202664206,-1.8125727686083908,20.122560587930696,-7.4327584163745914
2001-02-06,1.0684584297365671,-0.30117352823655485,20.546863996753547,-5.0138790620246025
2001-02-07,0.6972280419892407,0.38188550396675003,20.638716608247957,-5.097310883944551
2001-02-08,0.5520150055627595,0.48679710921836117,21.32336734531344,-4.350559671514005
2001-02-09,0.950168086285675,0.3318855023970193,23.296547857668976,-4.108626910863228
2001-02-10,2.1869609209441228,0.4382950479467438,23.34846628682896,-4.16244203765363
2001-02-11,2.503697394437384,0.7021075572726252,23.989151360445856,-4.056975507556197
2001-02-12,1.9751534284673031,-0.18236673117241753,22.708633562235757,-2.9048348710597214
2001-02-13,0.7110788524082843,1.2061005139417198,22.767379055106915,-1.5295258600569888
2001-02-14,2.0018536345260527,0.6824193089410316,23.073729247124383,-0.9867196206250537
2001-02-15,2.311650749781469,1.9679212217915367,23.720183755169145,-1.0318844620276078
2001-02-16,2.878811194867016,2.7055734966148144,23.14057934776202,-1.215286932994931
2001-02-17,2.0896285158964263,3.089008614214842,22.500262482990056,-2.43258778055221
2001-02-18,1.5515941830089282,3.5667841928764945,21.429980287510624,-0.5469888566818617
2001-02-19,1.97815305118831,3.477653472548485,21.98473084816054,-0.5569659911060145
2001-02-20,2.356671135509043,2.219958297544376,22.89077485953798,-2.2015658601218266
2001-02-21,1.0117370674073083,2.865530873245124,23.55530066459286,-2.3339275183132697
2001-02-22,1.5639927198341688,4.761238075336574,22.557338815129345,-1.1635605346864748
2001-02-23,3.213056689490733,4.63948423009274,22.30536747881159,-2.3287706794252516
2001-02-24,3.642046685718216,5.024444749764842,21.59440951304153,-2.0745277978845
2001-02-25,2.644885484807509,6.171850636239931,21.173091213198074,-2.4488848758655637
2001-02-26,2.2924428903668423,3.6219079721810874,20.689102983787816,-1.8182059805905804
2001-02-27,2.8271111780772293,3.522215219579334,19.624212095913446,-0.7686526322236196
2001-02-28,1.5456588559507176,4.1033009337255235,18.70003615133562,-0.2055185441464975
2001-03-01,0.23992065969030474,2.913519251263824,18.5177312848494,-0.20010163407654596
2001-03-02,0.15395115715941027,4.662810268483079,19.073981619023172,-0.3433525141344814
2001-03-03,-0.5349899477521547,3.915097192127323,18.982377204954002,0.46272303771268164
2001-03-04,-1.3465389071374436,4.496082609724107,18.24950188188188,1.1686854471770547
2001-03-05,-0.866953871809794,3.7286292290225393,18.585665261977482,0.20731073236895348
2001-03-06,0.029830404872468463,5.873089630426756,18.773100100020805,0.681735913314266
2001-03-07,-1.1709602568600403,7.614488829206051,19.380612338674858,1.1521256341892192
2001-03-08,-1.9766654593859234,4.347265726598724,17.989882522062487,1.4900098628331095
2001-03-09,-1.586760303868002,2.249434504903111,15.728032958948294,0.12068007187153151
2001-03-10,-1.5508379302989264,-0.1810706661577699,16.459934597279155,0.521261089804391
2001-03-11,-0.7755867475855858,-0.4569134471676272,18.459014339224268,0.6413217702252627
2001-03-12,-1.296358585505343,0.03333276288690451,19.14257022698168,-0.8490713755474568
2001-03-13,-3.5271131174511954,0.7048781662242023,19.58984259673673,-1.3653885710593316
2001-03-14,-2.4721601002755085,-0.0007425561297502714,19.850540662443407,-2.5185188678437087
2001-03-15,-3.1144784581540623,-0.49763959594657503,19.91131568017676,-1.50404667333686
2001-03-16,-2.6381142066314367,0.304809945880258,20.44497464071166,-2.007575320982468
2001-03-17,-4.191473564839875,-0.5972026587087361,19.946538333549437,-3.5526728249233352
2001-03-18,-4.283272530185855,0.4901574517470634,19.588577631381742,-3.031008326930087
2001-03-19,-5.612093992678986,0.709464011719011,16.566452086097332,-4.16950660300745
2001-03-20,-7.36529708766618,0.4495981274229919,17.86154540384873,-4.259766101891249
2001-03-21,-7.4741605949923295,-0.06580870445677178,18.687258123055255,-4.425004807391407
2001-03-22,-6.677452414331036,0.5218859369633521,17.71309478793563,-7.099759027162744
2001-03-23,-5.7244410681471205,1.2090101801872122,20.73431922811312,-6.744266209694686
2001-03-24,-5.307810365963427,2.322502606051282,19.781536609710933,-7.076434196000656
2001-03-25,-5.835736213384968,2.2102120646272265,19.12440974238425,-8.18243960779927
2001-03-26,-4.657748212825798,1.3694754383493006,18.350894027508,-8.239445039013505
2001-03-27,-4.2091840538880305,1.8887661090052572,16.068092017462597,-8.108411283688294
2001-03-28,-2.7924123636765366,1.2993038275916602,14.763431400749457,-7.507638079564172
2001-03-29,-1.2122160849558148,1.6617578883813555,14.79317994841761,-6.49063549710012
2001-03-30,-0.9408873675893681,1.691855489600065,13.728598098088206,-7.046289526031304
2001-03-31,-0.2614016515191129,0.6447094687683526,15.97749520595006,-7.676305601337411
2001-04-01,-0.8538386935565074,0.9425982154016983,15.793809363372285,-7.1234313260724536
2001-04-02,-0.4689984620733655,2.2195089247449618,14.860776367796392,-6.326574889024417
2001-04-03,0.7603688889404877,2.1781288918704904,14.877467992033583,-7.434081335714925
2001-04-04,0.7135546584460195,2.811979692233326,15.268462159094149,-7.971977329049404
2001-04-05,-0.029670983902824744,2.3766712742454805,15.858038054313594,-7.975006460444238
2001-04-06,0.7489995428407118,3.084901782738572,17.280283373380772,-7.0606387072759675
2001-04-07,0.7369369560958643,4.780517818039425,15.966217157331606,-6.543355507760198
2001-04-08,0.6634317376132622,4.147487188356008,14.593830611357072,-7.7516560860256565
2001-04-09,1.2779859678495473,6.147736418015368,15.669853316158047,-6.9455433462674945
2001-04-10,0.38244992538528433,5.751821823388614,15.243956120669257,-7.031693004525854
2001-04-11,-0.3749524483921759,6.357347540998772,15.37213531867479,-7.367811807976706
2001-04-12,0.6469962444326453,4.431091904276959,15.770650697524003,-7.051268475071243
2001-04-13,0.1243378749499986,3.3937970400222035,15.372057227701982,-7.855701252603335
2001-04-14,0.8631314079168515,3.0799394174284496,14.951048374200434,-5.737930549884956
2001-04-15,-1.2562019198351502,4.017773829570224,15.655029346963516,-4.732086140028446
2001-04-16,1.4295248924012798,3.972078336443873,15.460839697173842,-3.6243552181849505
2001-04-17,1.4671900249685945,2.8604277978445314,15.6233162408276,-2.2377137023708835
2001-04-18,2.0226949600457846,3.209955878570128,16.388518729497935,-1.1239406330651667
2001-04-19,2.085730440387365,3.691364112177006,15.122676135876734,-1.1966514505522463
2001-04-20,2.3130027262933455,4.173561458728659,15.360276183376854,-2.9140664147617192
2001-04-21,2.610100237092865,4.260622705730822,16.464305132509395,-2.6936317505891973
2001-04-22,3.259529152128683,3.7383647044016386,16.52329339285317,-1.8568587278534605
2001-04-23,1.2530776246854765,2.75953641584228,14.933465287090817,-1.7388760958362728
2001-04-24,0.8454897059864912,3.1334155963113623,16.349985664528052,-3.1612099870580677
2001-04-25,-0.25406319870511007,3.3178886089714426,17.599160128166293,-3.2005304869649445
2001-04-26,1.4563735967965947,2.511635798873476,16.057069626122445,-2.9194027970902487
2001-04-27,3.2229360562646807,2.1917923597383244,16.557919462653427,-2.6110215858004295
2001-04-28,3.2311104263600323,1.9594160956398243,15.34881310953764,-2.6861328044556565
2001-04-29,3.9714158055112154,1.791769912810383,16.43336082463175,-3.440002899733247
2001-04-30,2.9731466659625028,0.37500662383170513,14.693254096843948,-4.984921349340713
2001-05-01,2.6390664555437606,1.0965084191618444,14.607617301089624,-4.820949148448217
2001-05-02,0.46205234666863326,1.880024340966023,14.666568218707775,-3.3015901948063267
2001-05-03,-0.25346803849490573,1.4785886153129402,15.319228571418328,-3.324223517364509
2001-05-04,1.2411177904265467,3.924883524323703,16.244369196242765,-3.830749027927656
2001-05-05,1.7072094291150757,4.466645992518775,16.527158544048724,-1.8839730641424148
2001-05-06,1.082842093657458,6.081231940623811,19.043789238944747,-1.9192642955334975
2001-05-07,1.2978832263296356,5.784144146824297,19.260067970458543,-2.3764103195320647
2001-05-08,1.8116429746872673,4.96470754979633,19.299012485425923,-2.680380277014219
2001-05-09,0.3624586925940727,4.239530392394757,20.488002263420785,-1.1596159739659382
2001-05-10,0.7905878333633128,2.7580629159461276,20.163524203864803,-2.2494386813910277
2001-05-11,1.1880953948149742,1.6306721391942955,21.081683230228105,-2.173176384046674
2001-05-12,0.6825049555185594,0.723558329609659,21.856838396383083,-1.737689116603097
2001-05-13,1.550903603613531,1.7988466356896489,21.148565951418327,-2.5049498474279894
2001-05-14,1.5634518369903179,1.8204715612596558,19.397418518836403,-1.9490769548876503
2001-05-15,1.2584565482593915,2.7092268672765676,18.312398057254768,-0.0012907447689736173
2001-05-16,0.7700909531981246,1.611030801551942,18.43608489377432,-0.9510908166586388
2001-05-17,0.6983095681943909,1.216915019120887,19.1699178293474,-0.4053054730729303
2001-05-18,-0.5485667902215636,2.6102382945521985,19.025266078031848,0.19764806278370406
2001-05-19,-0.18950183426222583,2.6295888231433713,19.62345885598711,-0.16284990214160372
2001-05-20,1.2910606804515352,4.324380512885003,18.783441054276928,0.7535160969272796
2001-05-21,1.8953466758563953,4.431950110259608,20.68798605972314,0.9792685502321405
2001-05-22,2.024807815591307,2.846462287719681,21.793025741638484,1.9042697116551404
2001-05-23,2.0507654452809074,1.0151232804542418,20.405185810655652,0.10146694424663649
2001-05-24,2.5371279093020025,0.7468328520779152,21.80653591528235,0.19014008691015005
2001-05-25,5.070289862191142,-0.22569234246908187,22.2610668590287,-0.24187881185384769
2001-05-26,5.656271370729351,-0.01566605822298381,24.655333770093264,2.416718091028398
2001-05-27,5.479140428711119,0.32401699178765353,25.14480610585496,2.0624777336437146
2001-05-28,4.330672423692903,1.4218590005889928,25.430327060121108,2.4120314295230996
2001-05-29,5.752600391788407,1.2910033414894893,26.82248353764176,2.756489744968497
2001-05-30,6.276434444069614,1.9085442336772176,28.48166641646164,3.3986271238521284
2001-05-31,7.797430820741095,1.1635973244268962,30.19884440520385,2.0790167173682894
2001-06-01,10.286470357826804,3.0636739897856407,28.991109790389846,2.6655689368299917
2001-06-02,8.970721984753974,1.1203334784071404,29.30112168655948,2.0183449446935953
2001-06-03,8.733020805572417,1.1444704652955322,28.69885783812626,3.6954806914193767
2001-06-04,7.335425516446986,1.633943251466818,28.687424556620098,5.382355110999659
2001-06-05,7.92682574580234,1.0211637361534278,27.306646028141408,5.017306583351681
2001-06-06,5.888657726959016,-0.9816046054204148,25.97235140110222,4.803977883129659
2001-06-07,3.661735078421768,-0.02016841242419498,25.910717581650864,4.936913220924326
2001-06-08,3.9039993532247426,0.16108175947666334,23.818932623458608,5.0488098937911365
2001-06-09,1.4755438291119485,0.0978582133315083,24.15219005541442,4.639744968238541
2001-06-10,-0.48096821291923075,-0.2419381705208991,24.220976975795324,6.167247443279885
2001-06-11,-1.3863309373012054,1.1373772399323483,25.669928413220866,7.388052973397946
2001-06-12,0.9442358750996436,1.7970626854899474,26.470858558120206,6.845388909674946
2001-06-13,1.8489610418763909,1.4918304614667939,25.833049258461255,7.268108186620338
2001-06-14,2.3530152914668845,3.1725715352477377,27.370929736292588,7.170487075735786
2001-06-15,1.6316869350156313,3.324775783977942,27.856593277571054,5.388409935199716
2001-06-16,2.5192706857484715,2.932189250002664,27.695624910916123,6.107396826882477
2001-06-17,3.8048489012476843,4.0993385812681895,29.557470130534426,6.368050331387715
2001-06-18,4.221803870017789,5.081174052612956,30.15505572855322,7.083076855773099
2001-06-19,2.7963891026049046,4.822354692036533,30.667873340550994,8.232832758515896
2001-06-20,0.6930673407889008,5.173545087483766,31.898472312605257,7.5449273672520425
2001-06-21,0.20066328698259772,5.6959797437312805,31.261902519659763,6.165671025676556
2001-06-22,-0.17057318155188472,5.008750310690696,31.714963769988916,4.383372819621022
2001-06-23,-0.8389686313152577,4.374206284616962,32.07755984021688,4.26438741884689
2001-06-24,0.008266982447976079,4.951285229367857,31.282268108129486,4.2065993579400995
2001-06-25,-1.7683639238854227,5.808821913366141,30.873853809435904,3.9553926414997225
2001-06-26,-2.263008153800618,6.054000974195178,29.42762523937883,6.173704228206944
2001-06-27,-1.343145688573434,5.393073453194495,28.159285336693323,5.8028408186921085
2001-06-28,-1.2051319453699743,4.642384309729266,28.055478374927162,5.336309931730169
2001-06-29,-1.0673026915954518,4.345944736088036,26.660907186546908,4.716062157036381
2001-06-30,-0.8422963210314427,2.4874701028682145,26.282761800532043,5.335841304127078
2001-07-01,-1.0063753132766449,2.012461947464309,25.993209940583178,4.960306229813083
2001-07-02,-0.5867985248935226,1.400737885829876,27.005850660829303,4.00954495207502
2001-07-03,-2.016110382269324,2.45737234758857,26.098336953959162,4.728758005515695
2001-07-04,-1.377780333482538,1.6346761480844854,27.09262392647797,4.419706835356664
2001-07-05,-2.3333438386317713,1.2790702890307717,29.358891674218775,5.863160756402611
2001-07-06,-1.6889178935915194,-0.12775068507104637,30.996800136113063,6.757313512686613
2001-07-07,-1.4398323965753872,-0.47645691075818547,31.36643797289284,6.444879098338858
2001-07-08,-0.4231180948403357,-2.228026133665965,29.84284317410018,7.1984816856668195
2001-07-09,-2.0005313615644758,-0.32377742722421754,28.633014372799575,7.080765099471124
2001-07-10,-1.1073696026067474,0.3856615395245574,29.840783318449482,6.963348562455762
2001-07-11,0.8036385951324563,0.29064289943231947,29.448049560481113,8.056177889674425
2001-07-12,0.8306440594611884,0.2738441381524048,30.017969840344858,8.14990725342967
2001-07-13,-0.2976459621296934,1.10990259524129,29.651306336758704,8.610089089261129
2001-07-14,-1.0072895781217737,-0.3178534610281505,29.098958590229696,8.366293671182351
2001-07-15,-0.864683298341149,0.6187937403137272,29.955522217221475,8.633594885853968
2001-07-16,-1.308954471427445,0.36487257186863953,29.7342532569225,10.48631392300337
2001-07-17,-1.356177154283565,-0.5122846680969712,31.945926809346112,11.742154114807633
2001-07-18,-2.069668920780562,-0.07946805782543687,31.04910658415604,10.217235811429074
2001-07-19,-2.5476434107026655,-0.02985270326031167,29.99893112838095,10.628297648917853
2001-07-20,-3.015676222989474,1.02200935472284,30.891304064503412,10.317339460146213
2001-07-21,-1.9509756014727007,1.077966505440438,30.874816900007886,9.01323657700257
2001-07-22,-2.809499779998921,-0.22341498227139778,31.78688628418778,9.153158290744738
2001-07-23,-2.2026751752295515,-3.6038721924455492,32.34906838738328,8.330551092926367
2001-07-24,-2.7838377283615587,-3.4345124721419618,32.358461046995835,7.734631666043839
2001-07-25,-4.509702613071945,-3.5114549191354447,31.64322655704195,7.4119569479718495
2001-07-26,-4.767015360930925,-3.227392029307965,33.178895965825085,6.530085461505927
2001-07-27,-3.0512956394643207,-3.9495004869361674,31.74905660485831,6.169215005530978
2001-07-28,-3.2202145890055887,-3.362240547040746,30.069387290114317,6.132385293697957
2001-07-29,-3.13764130255479,-2.431595686260546,30.51544370663739,4.826915347881226
2001-07-30,-3.2362743967429477,-2.745613336902297,29.850570531673448,2.4749989347337005
2001-07-31,-4.158482340983715,-2.452405709189261,28.792936803371468,2.336847829571935
2001-08-01,-2.288318636837051,-3.4079310836692662,29.348010497088904,1.6174668378880739
2001-08-02,-1.174564335245191,-1.6210532690361585,28.72055472651708,0.638394280241877
2001-08-03,-1.6201128680445072,-0.7239958663549898,27.155360392830787,1.3921764392402445
2001-08-04,-0.9367145716617706,-0.5771469442246798,29.579241625604585,2.2358801573645577
2001-08-05,-0.9732643496930723,0.6931084142477747,29.526276350503284,2.688100722556145
2001-08-06,-1.8834763013085287,1.1130210652420716,30.273205156688476,3.969626094073382
2001-08-07,-1.77895487398991,2.2069845037986937,30.177614644735105,3.5957672357199226
2001-08-08,-2.1118687227431288,0.5802877597036262,30.66154588591324,2.9207567168418644
2001-08-09,-1.9647313745153159,0.40946550875803195,30.461458729492566,2.402187443388728
2001-08-10,-2.895113529966624,0.18548073504865584,28.677286395524714,2.7168784765104395
2001-08-11,-4.644403629996515,-0.9221865410553931,27.105481831110176,3.273036557166757
2001-08-12,-4.81375368968017,-2.654285387882743,27.14238348055078,3.2877492107310355
2001-08-13,-4.917311005732063,-2.1657214979733816,27.03882692464854,3.7204923221302275
2001-08-14,-3.8918148881770125,-3.4234876584570832,26.47810253852648,3.6237886387407396
2001-08-15,-5.112072761269956,-3.812430948998123,28.586000078426512,4.0293162410743335
2001-08-16,-5.042999642567298,-1.8616989503545303,25.921185391248677,4.361211150163513
2001-08-17,-5.222571948084785,-3.840928509899543,25.197057974417973,3.01041559627936
2001-08-18,-6.161168852944669,-3.726600406351557,25.097745100308398,2.5463097397633727
2001-08-19,-6.178885402750869,-5.1746346521549755,27.211403713327332,2.974416472673414
2001-08-20,-5.405127683008045,-4.371529999047454,27.172590955048296,2.4630044410589074
2001-08-21,-4.379737537563214,-3.8045972183769217,25.482691820880476,2.7541342304371748
2001-08-22,-5.7476110481146,-3.135057260423342,24.770334952141862,3.515898582912875
2001-08-23,-3.697291325217973,-2.6254107237062807,23.23442289795595,4.586797725979797
2001-08-24,-4.651553392968823,-2.7214808178570387,24.921039172933288,4.018043872638447
2001-08-25,-5.407733517192799,-4.598542258903324,25.0442726099512,4.642931846765758
2001-08-26,-6.054450024179344,-3.969770463795215,25.70967865917007,5.917962129386176
2001-08-27,-6.233002771803782,-2.0361610828242567,24.12636022505148,6.949792106781893
2001-08-28,-7.42260882902532,-2.1461383118797794,22.202266334929504,6.61676000066319
2001-08-29,-7.127976751863248,-0.35432306260878543,21.642244343092305,8.439382062323382
2001-08-30,-7.834108627023719,-0.2897369059948783,22.42491978101456,8.535180421827977
2001-08-31,-9.107278847090303,0.005813613631532211,22.229706834522002,9.064370551256571
2001-09-01,-9.016108671424634,1.1422991622725402,21.596138149848002,11.125592435674983
2001-09-02,-8.181276525331166,1.9892060320549114,22.922601541345895,8.943544200096465
2001-09-03,-6.720943497413425,3.099164485868977,23.585419133730934,7.676743673613552
2001-09-04,-6.204077210570645,4.254655874166115,24.59484866269547,8.769968572305423
2001-09-05,-5.820389194111359,3.1581585089654824,24.45835094740883,8.728010849869596
2001-09-06,-3.410908966687369,3.2642090538799504,24.190515813112548,9.514937355383584
2001-09-07,-2.5624997457991525,0.38732760077296824,24.16329384325418,8.694286920170274
2001-09-08,-2.627184364655664,0.35755182127277174,24.0717569236097,6.187032432767268
2001-09-09,-2.959557560508168,0.7395527943850386,24.252311417098298,7.385231377153852
2001-09-10,-3.6339029151117965,1.0147627828691452,23.97505238027509,8.911272826940316
2001-09-11,-3.8966856407246087,0.9128000053296312,23.144466117865747,9.020763762388848
2001-09-12,-5.30824344648615,1.4582476460771494,23.698016058043432,8.520278543835568
2001-09-13,-6.632815314272286,0.6127829900201069,22.63059753359159,8.642492228564821
2001-09-14,-6.4102662508443204,1.810235176642684,21.71579864068906,8.378361035547961
2001-09-15,-5.140173317992627,2.2290117168474026,23.134903833563946,8.878764374247329
2001-09-16,-5.074812502709606,2.353734296289147,23.034001805100058,9.638273131673008
2001-09-17,-5.680357595569305,4.508008448238811,21.798963812318355,9.547937079092309
2001-09-18,-6.503947383013914,3.971945455707286,22.489516455038007,9.216400854734827
2001-09-19,-5.189622706447492,5.0860338218095125,21.686311622541684,10.0418206250515
2001-09-20,-5.1038030394516065,4.911993501203751,23.78689772213901,9.95041782283807
2001-09-21,-5.086949562879838,3.441826801949044,24.519737514808394,8.595240074579493
2001-09-22,-5.103269294690142,2.452538307716156,26.153605986499826,8.749046191683933
2001-09-23,-5.804957647908075,3.0226404462409677,24.539321523077653,9.831984946672888
2001-09-24,-5.316228191954158,3.46751470359796,22.51322336791829,8.182951068623293
2001-09-25,-4.8256805417865944,2.7718281242815976,22.282206094647343,7.532723704776858
2001-09-26,-4.48656850535581,1.357995143909651,23.177251413922114,6.661332270353967
2001-09-27,-4.652811788976188,2.414099084962734,22.194106335889003,5.4005229898022975
2001-09-28,-3.883684981263058,3.0922642304439876,22.479236926525513,4.528323533778224
2001-09-29,-3.2044807417544154,2.4150859817487995,24.887339357595625,3.0005438877050086
2001-09-30,-4.048253289637259,4.403738997580595,25.189181732699367,2.031549330895754
2001-10-01,-4.622305128248566,4.978525543006853,24.305107446285046,3.8463868408638793
2001-10-02,-4.976192245805471,4.847941660489303,25.077190145390325,4.239129145725206
2001-10-03,-5.285695544906238,3.7787237533830593,24.366438195217057,4.123075244980193
2001-10-04,-4.043468196729027,3.6482539148117024,24.696017249833016,4.326552281819406
2001-10-05,-3.775552883943943,2.9163303927950186,25.744010696833108,3.5558895371694303
2001-10-06,-3.392534236420703,5.46279697508958,25.04807499360832,3.0157128981493893
2001-10-07,-3.0373631340638534,7.041282147890531,27.757230336824982,2.785756665689215
2001-10-08,-2.691134945949051,6.230708608767306,26.571246439199676,5.421928666355237
2001-10-09,-2.795046188353996,6.839910808769429,26.214146602216324,3.1666523273531957
2001-10-10,-4.152944891960586,5.4864382449935585,26.25129990519171,2.9063225121228413
2001-10-11,-2.7260542723409475,4.63085140469508,27.207131511963883,1.2883963395600024
2001-10-12,-1.006062570626984,4.459096444738204,28.778865164577173,0.8434571897916592
2001-10-13,-1.9475497047540018,4.515995584954614,29.099468788643506,2.166215814444462
2001-10-14,-2.7590378643621176,5.443819486845744,28.72899236696879,3.2004535901598112
2001-10-15,-3.5903472961989484,5.382432558817404,29.834764996245433,3.1694648469783937
2001-10-16,-3.1929897973445875,3.94200493130885,30.16219367923153,2.063506995496046
2001-10-17,-3.423691047899973,2.918131713212845,29.619156661298497,2.3226012601310084
2001-10-18,-3.99972505657278,3.857707247054454,29.772734907137583,2.1480885765624413
2001-10-19,-3.5659490814167105,4.644608482565392,28.701547224822033,2.8171048217950267
2001-10-20,-3.9367682565590028,6.021024146115075,28.55921030490324,2.6492687679476705
2001-10-21,-2.8395313178838033,5.187209463463382,27.74488656616573,3.1584655508970694
2001-10-22,-2.1213598381884564,6.513702450144101,27.985278927587274,4.685848599060683
2001-10-23,-3.446027010625031,5.452683189846889,29.465537271015116,5.286327550315098
2001-10-24,-2.682553406089278,5.640878186233701,28.88916447403227,4.920223060906491
2001-10-25,-0.5811079462702433,6.12292675413242,29.02853127932334,6.574631139244167
2001-10-26,-0.6813899834346203,6.522270458073692,28.61198020954862,6.757007181205829
2001-10-27,-0.47049897818479397,8.143792763825573,29.440414899517727,6.416563833951293
2001-10-28,0.15128682348456907,8.672785501578698,28.836228048613545,7.834990628399703
2001-10-29,1.0548580401516083,10.468802597644451,31.019850928130342,7.961105204126072
2001-10-30,1.2881965444872472,12.085499764638916,30.73188343717317,6.422857083827531
2001-10-31,1.567930207639057,13.557242967048667,31.410913809044327,5.647310067061421
2001-11-01,1.2825934295497228,14.246167121133675,31.36664219221412,7.694635772203717
2001-11-02,0.8099014368511801,13.307088507557252,32.420676793086585,8.745955554670472
2001-11-03,2.4391377800406957,14.390164973707689,32.318999705297955,7.166518213386301
2001-11-04,1.9265349797458167,14.486172570204955,32.919255947858204,8.458809514345583
2001-11-05,2.4218997961201936,14.944812227973266,33.56978512769777,8.073921072411023
2001-11-06,1.5980069292366585,15.217599517382276,35.004063021272664,5.925269003856794
2001-11-07,2.610446151173809,13.38724446303791,35.67904787665787,6.454158209814764
2001-11-08,1.7197007318256392,12.715796397303912,34.96290686776529,7.105302094547149
2001-11-09,2.341482332498207,11.996245242889396,34.576510615949374,7.437632186954647
2001-11-10,0.6175784260221424,12.094218176488894,34.69748115391051,6.534152733548796
2001-11-11,0.5050827301866575,10.863791494915688,35.12028987945949,5.623325779445895
2001-11-12,0.22237456753775886,10.541553946102345,34.837655982542955,6.8412974914470945
2001-11-13,1.1690977198898196,11.20127882738689,36.80219745880151,7.070834575425604
2001-11-14,1.0650712881260553,12.059248753383876,35.14227254500984,7.032198274061059
2001-11-15,1.9574841176572686,11.759905518022872,36.92005451556187,6.504513645224068
2001-11-16,1.1986802766574207,11.964850036443147,38.01656175684734,6.615841907169818
2001-11-17,2.0650236035347946,13.165272134873527,37.95342959029171,7.349371182156562
2001-11-18,3.177553341409835,11.27706834371628,37.258937363790594,8.149659039015937
2001-11-19,3.995927109092877,11.92293869594187,37.52967004983824,9.020639184028868
2001-11-20,2.4370228477040974,12.14539996941674,36.839401662804114,9.738246189118957
2001-11-21,-0.11033689430390803,11.500971883933618,36.387497501928664,8.695747819840774
2001-11-22,1.076499716758076,10.275225617268577,34.85180566993653,8.988971922344017
2001-11-23,0.549978504784058,8.218519558141574,34.93032464935846,7.605835198269356
2001-11-24,0.303501355408409,8.683334156728037,32.474941507215064,6.04624366347033
2001-11-25,-1.4145919995770924,8.015539679839433,31.83237142867489,7.379018268828742
2001-11-26,-2.5686934898152156,7.609037984389534,32.57682064508207,7.700353971630198
2001-11-27,-2.4872360349500067,6.253414363687312,32.324189019111394,8.472921245512595
2001-11-28,-1.5964082315881418,8.223764722355037,32.88212936228923,6.778201270960628
2001-11-29,-1.48622055373952,7.926733449913845,34.668840828859295,7.538480743419011
2001-11-30,-1.13729593494998,6.453758418651957,34.464625246764534,9.095690038099999
2001-12-01,0.24893893401277167,5.94094987343964,34.59766505163044,7.26858393841014
2001-12-02,-0.25441827490446645,2.985925483773591,34.29747468032387,6.947605881763848
2001-12-03,-0.1840715114897319,2.6356657765787967,34.31429650266186,6.360832747282361
2001-12-04,-0.4525846525606648,2.0702729027361984,33.63712052885855,6.846394066434881
2001-12-05,-0.2318772465422403,2.308231621826876,33.124091914683056,7.6895589191341225
2001-12-06,-1.1456141292804645,0.11335513201393876,32.80258207991683,7.4462593491414655
2001-12-07,-2.0794081430363414,0.8340609012706187,32.05377662432883,7.564476939492671
2001-12-08,-1.1704929111890245,1.886357616307595,32.170271794292184,6.582865237609668
2001-12-09,-2.2121239499047345,1.6497445584735864,30.69660691045007,6.637586535550855
2001-12-10,-2.705510861527862,1.8815365402417976,30.862072434869816,6.75490109362697
2001-12-11,-2.674263827696078,1.5516848118282076,30.980173806214385,7.279422049788016
2001-12-12,-3.3208675135789223,0.3893987300699251,30.145319679732186,5.118433465009771
2001-12-13,-3.823233975459122,-0.6806606411663585,28.955188996833755,4.999965368621932
2001-12-14,-5.508576882639052,-1.1313360797727174,29.368476235827643,4.584476027069229
2001-12-15,-6.757323469682399,-2.5979650291169145,29.214273239999944,4.414662905600749
2001-12-16,-7.117734158566247,-2.670510498047374,28.12773372885154,3.8815326201055917
2001-12-17,-7.688998421812938,-2.1702709134901688,28.703947903675235,4.514397180084941
2001-12-18,-8.3974583235248,-2.315047107522762,27.51440267236312,4.316083820110831
2001-12-19,-9.108022438078242,-1.6494346138677534,27.795217497554322,3.4890861750365625
2001-12-20,-9.840623381115934,-2.3934661920816644,26.957082588793465,4.296698959322481
2001-12-21,-10.952248475650002,-3.2963576708964553,27.324856992778095,5.053329132736563
2001-12-22,-12.229956345076237,-2.0455576956880765,26.773707727187478,5.8061322257780645
2001-12-23,-11.29922614984914,-2.6365054711510445,26.87405230253759,5.638467207095631
2001-12-24,-10.017893984346596,-2.1913417806196382,26.336708868603424,7.634229899516428
2001-12-25,-11.19487963073672,-2.8889290009734934,25.271230386547188,7.6614703528739865
2001-12-26,-12.840795461566234,-1.7044728771813418,22.524979173057897,7.789672570282512
2001-12-27,-11.271932337174492,-1.4653356101447323,22.374614268858362,8.993400419516774
2001-12-28,-13.031124585641482,-2.377855339130918,22.345994958773954,10.671106908763434
2001-12-29,-13.306154834873173,-1.2259226397080751,23.361771072775294,8.929956422224311
2001-12-30,-12.516173305681502,-0.28859548526501266,22.092053107654678,9.099831429369065
2001-12-31,-12.792218122058133,-0.12209054441589998,21.688099192686035,10.134649666952136
2002-01-01,-13.73958225377695,1.0678462711423544,21.746891740592574,8.337559541648309
2002-01-02,-14.076101210349615,2.192096210849388,23.12230128519976,8.55486917168896
2002-01-03,-13.775450136414296,3.6048274599303927,21.926917003944563,8.994097789438486
2002-01-04,-14.370024818508597,3.4308703599039743,22.24399179833993,9.634857693271613
2002-01-05,-13.697974366357666,2.4584919330610373,23.654582832757256,11.211722923818918
2002-01-06,-13.860691803124443,3.362616433522259,23.859837415928045,12.281821502063533
2002-01-07,-11.559849949665129,2.4731089164990054,23.270801536099874,11.444454629958777
2002-01-08,-10.27242208372392,2.2433990078998365,23.882356190923108,10.58373139322487
2002-01-09,-11.51702815179511,0.2634608001119436,22.49043742681031,10.560018356806582
2002-01-10,-11.967307679831906,-0.15636691934547103,22.37047487404407,10.330962512515477
2002-01-11,-12.459645746113544,0.5340055486036221,22.942263083185736,11.297805041382993
2002-01-12,-12.603661385700049,1.0466248583177584,23.278306561766176,10.481098870980649
2002-01-13,-11.896074963736416,2.1386468218685133,22.61963108440275,11.765593292215879
2002-01-14,-12.349844309619458,1.4988098351855852,21.409826086349803,12.315137079796592
2002-01-15,-12.910107693414616,1.8699558665867309,21.564337297649267,13.14591538484203
2002-01-16,-13.27033709999809,3.030063818644849,21.252870410598945,12.357410098580539
2002-01-17,-14.29143610561923,2.9907588381107244,20.870984401425815,13.107887567139034
2002-01-18,-13.453444907444256,4.45096785671289,20.037305458952865,14.40295062763167
2002-01-19,-12.585271702940764,5.261269875502209,20.050191193948987,14.975215622341274
2002-01-20,-14.572763807035079,5.113023251814045,20.37170809808065,16.53931066035304
2002-01-21,-13.790406737507917,5.43811809928996,19.666480499171357,15.11871057455464
2002-01-22,-13.981561810487406,6.824724160507943,22.028903297010935,14.681628307011874
2002-01-23,-11.718929680448959,6.15627088855607,22.14058563553351,13.456492470645864
2002-01-24,-13.156736141403808,5.1850126089111415,23.08455811336688,13.558883439042715
2002-01-25,-12.385670120819173,6.675671887588933,23.486416603223308,14.883797359789927
2002-01-26,-10.798065431013463,7.145558552343594,23.45180492115472,15.351028824451566
2002-01-27,-10.63120285495768,8.892019176484773,21.9575976388531,14.083019542108275
2002-01-28,-10.102537088966598,9.316026234974935,22.946897950594785,15.297589584646676
2002-01-29,-6.971740783124574,9.202041197352159,24.254566486191106,17.552588182958495
2002-01-30,-6.1665985099533565,8.992096434025562,22.539893803928965,16.95945638251533
2002-01-31,-5.407912989624994,9.51154321467797,21.882931736520863,15.323426078335068
2002-02-01,-4.617966548600443,9.563961836279496,20.888430682103884,14.869075358330605
2002-02-02,-5.2870243337974605,8.74589533186699,21.483038594991807,14.12171713799474
2002-02-03,-5.10045057908572,8.642508122734286,21.47466124438229,15.197950324589993
2002-02-04,-5.5522073565520955,9.66203544302632,21.414593949140837,12.979312164289446
2002-02-05,-4.938626165952011,9.23711171668075,22.025298434411763,15.92938376706585
2002-02-06,-4.112789789449066,10.885147401507787,22.70607429335231,15.837445688617104
2002-02-07,-3.1902155015908704,12.391325923328598,24.631938969384628,14.843543066968879
2002-02-08,-1.8543128068844852,12.054073141792237,23.245674220105684,12.574688913877756
2002-02-09,-2.444871031115441,12.65154984452532,23.776263872069983,13.422599780966149
2002-02-10,-2.4830959193021207,11.396794613013727,23.49288917699717,14.456288553341846
2002-02-11,-3.270026126995004,11.680185405905561,22.470733442804242,12.829560739082853
2002-02-12,-3.3620786381799546,12.537106253334581,20.595947391986094,12.385909302384334
2002-02-13,-4.784608920926597,13.442304690608106,20.511394588775673,10.5794973470392
2002-02-14,-4.221259755961967,12.739696213554938,21.065213558578726,10.545167012231543
2002-02-15,-4.815877421678414,12.895659653152673,20.63084271045036,10.169684815567049
2002-02-16,-5.88716641537382,14.204296979027282,18.61455227060726,10.520423195482204
2002-02-17,-5.797102383088005,15.509530335438452,18.75907398377592,8.986931988468228
2002-02-18,-5.503561839100432,14.802652644457599,19.524653187576774,9.572585067796357
2002-02-19,-5.638181772633288,14.02657917335454,18.654969050376916,8.414742593008604
2002-02-20,-4.8847830029168975,14.814209922640964,20.109043943868066,8.989014748248085
2002-02-21,-4.3459467577034605,13.800238534897703,20.774015153707616,9.119088370853435
2002-02-22,-3.7640516737842344,15.141364132300584,19.399426028523898,9.046538023970406
2002-02-23,-1.5520325316913541,13.843081275900271,18.115218649590968,10.212395519172656
2002-02-24,-3.18531025771095,15.124359965940116,18.68230658044489,11.431350186727387
2002-02-25,-4.6959038541245866,13.554930831737027,21.112519714786167,10.41989731299484
2002-02-26,-5.5132173992982825,13.409832008245061,20.91753032069044,11.25306131443441
2002-02-27,-6.04451367197145,14.897876076829917,20.69470806000379,11.074312252003288
2002-02-28,-7.990040269558269,15.843894359543372,20.459247639826692,12.815777088870366
2002-03-01,-6.992831722403718,16.461041270122102,20.298067516594624,14.050658835900984
2002-03-02,-7.935150863101277,13.499857824755704,20.06005361589206,12.723224019999316
2002-03-03,-7.12112136156583,11.58444054269431,21.26547549828341,14.052317638016643
2002-03-04,-7.234567230614919,12.933041342136377,20.850908720258897,15.23822452681766
2002-03-05,-8.189338093556108,13.179629287268327,20.389608526920913,15.139892077156505
2002-03-06,-8.881242185599413,13.606730633137756,21.74473874647624,15.621961044716155
2002-03-07,-9.227515391450382,11.601416279925516,23.030090260536323,14.631720060549824
2002-03-08,-10.606495584026305,12.475623607100024,22.300365263454186,16.7397791388581
2002-03-09,-10.041638472258526,12.252168613283732,21.784375367894267,18.613573745027992
2002-03-10,-8.2442442340007,13.448024293821597,21.679548898991456,18.71232196736716
2002-03-11,-7.889131310858027,14.507609331715404,22.658981182521675,19.738274237309167
2002-03-12,-6.076664173529355,13.236097540100703,19.774864184312587,20.372968241715313
2002-03-13,-7.765299933937806,12.964274836204218,20.17613663909417,19.399768510046176
2002-03-14,-7.04483176562582,13.971488042410893,22.025146758413264,17.630576032543537
2002-03-15,-6.307925944486644,14.682465729360887,22.472922068985046,18.758336689313836
2002-03-16,-3.8212527059762684,14.647071987383836,21.512421729250672,19.130516185251476
2002-03-17,-4.820097262588083,14.805418913396448,22.06273923231458,19.926952398069346
2002-03-18,-3.4461945374890215,13.998166854362195,22.94256349638362,19.90253943363471
2002-03-19,-4.403660837184254,14.458154039337717,23.527475033794776,20.57543725225266
2002-03-20,-3.691307902151718,14.095341633936322,25.843078632600307,19.782829365183524
2002-03-21,-4.229994915714671,12.0027884007077,27.55696054609823,19.559372017553166
2002-03-22,-4.043250320342895,11.201438764334616,27.488605556828972,18.502160859802522
2002-03-23,-3.9598545886207015,10.41581798644997,27.76889117664793,18.827916776569456
2002-03-24,-4.980285670268743,10.568970360757193,27.90736973298362,18.61641473073422
2002-03-25,-3.6720766185219293,11.71357742565123,26.782739991344005,17.98580206889021
2002-03-26,-3.947128702541353,9.426647604308041,25.355663913241152,18.52136334912948
2002-03-27,-4.631335299982371,8.829216602124562,26.49395166000847,18.682417426819903
2002-03-28,-2.471486371417019,9.455181476879405,26.43037758817257,17.261182546713513
2002-03-29,-3.7561359261763476,9.75071575076456,28.287661455733428,17.439806948277067
2002-03-30,-3.2556010589275726,9.215311057845895,29.83861808723496,16.024577997383002
2002-03-31,-3.1065716703485156,11.31135125138729,30.252065776715643,15.739538329216586
2002-04-01,-4.0906995365939975,10.562690961925703,30.233046083052916,15.347353798011095
2002-04-02,-5.781972703163123,11.551705696261848,29.77912586233777,15.906617302349652
2002-04-03,-6.462725417800682,11.526905433747839,28.91076611353153,16.85311615782248
2002-04-04,-6.705021466616889,10.587431726893842,27.625068819803566,18.66596738708224
2002-04-05,-5.470885130310392,10.103411096670333,29.674922165748377,17.624956603494255
2002-04-06,-7.071228173028015,10.968932894391605,28.939681646464532,18.60733311222929
2002-04-07,-6.837549340430939,10.762063143160523,28.98989692548476,18.76333443031809
2002-04-08,-7.242572752290953,11.014425557997761,28.952649804806185,18.230479214281925
2002-04-09,-5.3904977868329,11.336293909269425,28.212575034197243,19.2586528098439
2002-04-10,-5.168741774846895,10.149089036046293,29.054293881387316,19.193024873977265
2002-04-11,-5.596336706196644,10.105407195525174,29.01663518656759,19.138059254834317
2002-04-12,-6.081318631260058,10.961266564877686,29.320206477577784,20.20791021221037
2002-04-13,-5.414807293114196,10.517459283095087,29.365522366772122,19.360769496286274
2002-04-14,-5.614878269793639,11.826432098718932,29.9857587758541,19.193689414279888
2002-04-15,-5.414099379743254,13.125926013263136,29.704670472373515,19.58244552345547
2002-04-16,-6.248174195582193,13.285052496722379,29.28250172402349,20.626371356721855
2002-04-17,-6.886993699880758,13.430347001256758,27.46572525156024,22.77576845831704
2002-04-18,-5.706380294612597,12.436842717298356,26.708684626081585,23.050290608445877
2002-04-19,-4.317779866112676,12.103054824960608,26.604024325106852,22.07760597171744
2002-04-20,-4.975413050028828,12.2561723857166,27.29938052083754,23.669512323211404
2002-04-21,-4.814545933735681,13.88121937206292,28.765174426897428,22.474338940962873
2002-04-22,-5.011150712093099,12.38185108510919,28.11121676305168,20.77104476740668
2002-04-23,-4.432067503807696,13.093019490819978,26.840843434798025,20.155560397927637
2002-04-24,-3.8205862192527267,11.987221895521177,28.558578312746736,18.962221384483076
2002-04-25,-3.725767085335213,13.527001739663582,28.865489301384837,19.410791292722024
2002-04-26,-2.8059962193700336,12.879073153927184,29.835688055003303,19.091853079431516
2002-04-27,-3.558776669811765,13.705317147821342,29.857865085916202,18.87865601174176
2002-04-28,-3.6337112897219743,13.532123964304198,30.3940710783922,17.714165766238125
2002-04-29,-3.106575115964969,14.761672056456389,31.08216298427496,19.03777238197371
2002-04-30,-3.0649669816223377,15.282584497642386,29.942880191872845,19.858828291826327
2002-05-01,-3.6165949860745448,14.445474749306374,28.00592256273803,20.223246290102924
2002-05-02,-3.701646447605838,13.743355692055534,27.49255607608979,19.62165466275993
2002-05-03,-2.4958969999881155,15.423312901133187,29.082075533769586,21.341237168811404
2002-05-04,-2.0807570438794145,17.155652962262486,28.381233745564508,20.405516936846393
2002-05-05,-2.1179746939372515,16.425877540476684,29.021868739860587,19.446061427953058
2002-05-06,-2.4434648682813087,17.271050378336593,29.71806611044077,19.954667774920587
2002-05-07,-2.4612732417148,17.220716908254314,28.444328463869503,19.268134232163018
2002-05-08,-2.6595928569464737,18.42504801463707,27.431173499221014,19.265211409540914
2002-05-09,-3.512531106997476,18.313359676210844,27.495144958288723,18.951834734866754
2002-05-10,-3.5686438386074544,17.022747984937144,26.901273044040384,17.574039138662567
2002-05-11,-3.946568014886356,16.310399238990804,26.76829380635846,15.728741469114935
2002-05-12,-4.988242488598993,15.649250685414154,28.68154284188185,15.040132021157678
2002-05-13,-5.3524578156003155,14.866145240188462,29.23350522904935,17.027741543645526
2002-05-14,-5.181013340039668,15.947026909029546,29.18192119240021,16.170744915861864
2002-05-15,-1.859041217535672,15.26825293905182,28.586994364958535,16.53580365347214
2002-05-16,-2.027692975071442,13.604091360899538,30.887955566277018,17.577959019308206
2002-05-17,-1.284314873831788,14.373662934546374,32.83932719048827,17.676945467396337
2002-05-18,-2.625242082886489,16.052993482170024,30.607675321666957,16.32950513810851
2002-05-19,-4.7730278175365015,15.442081298763924,31.528937003933763,15.325926542127508
2002-05-20,-5.138814318659862,15.787008847712325,32.17539768327258,14.972919193959363
2002-05-21,-4.808556346855996,14.930738725058106,31.67834405491447,15.868450396831681
2002-05-22,-2.7634140871069905,16.601456424482194,31.707852425479807,13.471735116130974
2002-05-23,-2.68974869342265,17.959866907534927,34.18761181593365,14.565553448339564
2002-05-24,-1.910025044865223,19.185032335404234,33.51276074013467,14.403374245351223
2002-05-25,0.4515337615150974,21.278091164457805,32.72020142639416,14.253724659370228
2002-05-26,1.1289061584772044,19.39310554039628,33.50518372626318,13.016052855226096
2002-05-27,1.8736435356702033,19.750817480584555,33.064631178681985,15.72661510481236
2002-05-28,-0.6093419356038665,19.522175624083527,31.072116522386043,16.024543555425304
2002-05-29,0.24201268955935917,18.755752171084485,30.125431973841778,15.960662755485771
2002-05-30,0.9832428962762354,19.195679698813585,30.56261851347994,14.1158264628748
2002-05-31,0.7113661872922208,19.344726958493307,30.929111149786685,15.148490492242816
2002-06-01,0.0794271419057776,19.31064999818631,32.27238355221677,15.533341331694455
2002-06-02,0.6424182523699357,18.5936837141439,32.917946310989954,16.375327797888215
2002-06-03,0.7635368784318655,19.846124812448306,33.0020476808372,16.093835482271913
2002-06-04,0.0718676446877472,17.590537123783943,32.883340636897316,16.000241072247
2002-06-05,0.009603547316743753,17.17116558272398,33.376827592533495,18.02283318750002
2002-06-06,-1.1053745217869826,18.259998286479895,33.62168191335039,17.50109254003395
2002-06-07,0.3574269144113482,18.237337407256152,35.38899132144743,17.159837228555112
2002-06-08,0.8307862139247719,17.379810718024412,35.00480031967858,15.084430066363097
2002-06-09,0.3573326583214527,17.185995941228047,36.266840415516874,15.100433228204162
2002-06-10,0.9888034631080924,17.16303796417406,37.719483531296895,13.624777735872733
2002-06-11,0.03653333327401187,16.59776570181545,37.40068269527874,14.147000794897414
2002-06-12,0.5558492284594356,15.847741915980597,36.817455581708955,15.483821405766122
2002-06-13,0.9435695801290935,16.21709500541521,36.44649480358151,15.795131877451823
2002-06-14,0.20692542868098573,15.20588921457631,36.00617483534198,17.780089112700974
2002-06-15,2.3375301352957933,15.376950867303657,36.11972415134116,17.818111087457236
2002-06-16,3.3114476829486823,14.725213047925898,37.36327736465636,17.98080829770275
2002-06-17,4.259539821293992,13.768821955934447,37.58152289830955,17.618208567485667
2002-06-18,5.067575087716539,14.074007699101728,38.477383013427506,16.24184643344467
2002-06-19,4.748209747944408,13.365186609938476,38.774906578911995,15.782353726548095
2002-06-20,6.728371281179372,15.290152290340684,39.771386101653,15.89732551868636
2002-06-21,7.190709759038793,15.188047454533038,39.2527247562744,15.426123731352657
2002-06-22,7.518476781215782,13.323976506177294,39.39550040291768,13.59700371235089
2002-06-23,7.986927624386628,15.4600856541752,37.54399479657411,13.41886035344297
2002-06-24,6.241497049590972,15.897384925876866,38.15733388397212,12.09441268476769
2002-06-25,5.935019184831596,15.72643522577138,36.85587807043819,12.860997176074585
2002-06-26,5.76277121052937,14.263920246206508,36.92761109336879,13.903509451468489
2002-06-27,4.605521673993849,13.16196595562932,37.26527843232832,14.734411582380037
2002-06-28,5.0798839871504935,13.7661869471278,38.05520336838771,14.854917312662817
2002-06-29,5.488130670048167,13.947503690249212,36.9525432596682,14.673795589697658
2002-06-30,6.528709620218039,13.903764072049098,38.87245046676413,16.720385030395356
2002-07-01,4.678732534861705,14.764591442692904,41.141793428389384,17.106774646729345
2002-07-02,4.961012960037706,15.9058359419455,40.5433512419929,16.431494829536025
2002-07-03,4.214988781507663,16.79027444840465,40.00831795389706,17.494168798857046
2002-07-04,4.552745104685715,16.497455864093368,41.384180873983695,17.94988701170521
2002-07-05,5.112510444092114,16.248054385968512,42.339035215939475,18.087083959277894
2002-07-06,4.39769384432608,16.42768833322242,40.08677517669335,17.739097202943515
2002-07-07,5.554042152396117,17.383345635525597,40.323553588216114,18.32850413593686
2002-07-08,7.972249611175562,16.343111974840628,39.5956540502219,18.533206239248674
2002-07-09,7.797718535636026,16.27400415564709,39.189269308375614,19.825775400469684
2002-07-10,7.85093768776805,16.175702877870407,37.77582405888825,20.178221643154124
2002-07-11,6.8697544241974295,17.41905503136869,37.62549937972574,20.49705332214599
2002-07-12,7.814550265270504,17.575544834354314,37.09461452396946,21.710083500752017
2002-07-13,6.290453822672721,16.45124229308673,36.09168804225613,20.446814383323705
2002-07-14,5.785330699976033,17.91432276270084,34.82260810483601,19.630312180148202
2002-07-15,6.1858541995719385,18.947680562248657,33.07019002298918,18.5112061695368
2002-07-16,5.776463380455138,18.012788945522928,32.95477729639889,21.348577192958096
2002-07-17,4.141048703608534,17.861799976150447,34.06333069067954,19.626650414432852
2002-07-18,4.94671319350567,19.43885923575554,34.186024032078166,17.915452208133797
2002-07-19,5.9455712570889885,19.599686551939563,34.276725377786164,17.474291883562838
2002-07-20,6.168398776360616,19.1992977863539,34.975414953358246,18.284365121944347
2002-07-21,5.531198679840302,19.707029966972534,35.24420533282721,17.20205405357
2002-07-22,6.552124283036302,20.57585231011681,34.45144359843549,17.493985967086786
2002-07-23,7.055119110804515,20.531116127571796,34.75884550592285,16.536289030638848
2002-07-24,7.296958197211234,20.505225463658206,35.0853870926194,17.29524820458944
2002-07-25,6.3343259805950325,21.735240857094908,34.57757053935772,19.251526765958648
2002-07-26,6.323290196783759,21.069341830845605,35.17855712222875,16.66528537268917
2002-07-27,6.148481515144817,19.51360392405675,34.524170420180994,15.177235536329583
2002-07-28,6.222588809966701,18.496835666121175,34.417306852506876,13.214723938004203
2002-07-29,7.153164827788744,21.168844853037147,35.315860666759875,12.240970628688014
2002-07-30,7.0349528073806695,19.926096451598426,34.74837689291863,12.527851973649685
2002-07-31,7.332530387879996,18.505455914922777,34.61816990818026,14.152184622897206
2002-08-01,7.447658816285342,17.907518960370375,37.49026453760355,13.634527475873156
2002-08-02,7.228011684163716,16.804667819907106,37.70158481764102,14.804826136085364
2002-08-03,7.225185383046387,17.564631027005564,38.871215531764726,14.80650854485039
2002-08-04,7.95848171295823,16.053846581594893,38.75440691193981,13.271630993839866
2002-08-05,7.646551434499422,16.570737779471045,37.69209700552648,14.294816047522037
2002-08-06,7.582238294825833,16.45558557438096,36.267849355129854,15.55835990726866
2002-08-07,7.373820291228185,16.797047846318964,35.860005234036485,15.586687314228893
2002-08-08,8.383492359115813,17.951790467784736,35.04227135407739,16.149995562422347
2002-08-09,8.716121824698503,16.54373314529841,34.86053529623173,15.955534508271146
2002-08-10,9.038363250576776,17.25109523091408,35.38338542726825,17.29050406984267
2002-08-11,9.553222843443299,18.901687846333463,34.614876200148046,16.693561467291747
2002-08-12,11.491256599539465,19.08832550363777,34.55571052430422,15.908546054924772
2002-08-13,11.181598869137835,18.595208478514962,35.6802569387968,14.518208760612756
2002-08-14,9.663041983955045,19.124318489857846,35.320401833308146,13.7796673074807
2002-08-15,10.050544501102301,19.72382916278767,37.33126044623098,13.54686455164745
2002-08-16,10.871906395225974,19.45525180793284,35.184433139458605,13.293495371284344
2002-08-17,8.983247878090982,17.88469580049107,35.25221176120973,12.327495028970297
2002-08-18,8.376894891881527,18.49168766082703,34.5909361582346,11.178174678266025
2002-08-19,8.35533647475344,17.872208544395875,35.07934569065821,10.124208515182548
2002-08-20,7.126209867214328,17.77667613957775,36.409949526258195,9.258433357218813
2002-08-21,6.4948816224359405,19.539991727114163,34.866883692757604,9.02996734085101
2002-08-22,6.398525460621364,21.118000217421137,34.63450619369438,8.680694424996762
2002-08-23,5.991471344998521,20.835955526446877,36.36289330118624,8.467635985893743
2002-08-24,6.084576264214112,21.494156144563835,35.62579673693884,10.084263870066794
2002-08-25,5.536079509127294,21.180842279348795,36.64355638915698,9.955724304376377
2002-08-26,3.8038463544272254,20.46424181289933,37.242600328241096,11.375766403455675
2002-08-27,2.503462642646295,19.598868589932117,38.02244287790199,11.238052871292059
2002-08-28,5.060749137250134,19.397495903550112,37.920056970304934,11.978841064737823
2002-08-29,6.039361226087342,19.30406241724561,39.39778573603798,10.258322462505093
2002-08-30,5.951001599166377,18.806781673544425,40.416316368136876,8.622535405179653
2002-08-31,7.248055329096306,19.35686557759612,41.449206852845805,10.168609521971732
2002-09-01,8.144455967223463,18.916973795433705,41.16381437619977,10.786559819218029
2002-09-02,8.681431162476631,18.269656580497443,40.98303099689143,10.07848499770654
2002-09-03,7.828149148844123,17.622000566944074,42.87077115010133,10.31195818941267
2002-09-04,8.517591679887552,17.511351855256454,42.58660757178565,9.65349609591633
2002-09-05,8.06339357963357,16.35995188151061,42.86097950791746,9.214451547574908
2002-09-06,8.42749161854272,15.790383621041952,42.71459872576218,8.253845189373331
2002-09-07,7.306073091573339,14.482248387418668,41.67050671153395,9.504616520665499
2002-09-08,7.128550788321959,15.405673539910975,42.689392924462915,9.742135518554225
2002-09-09,6.3537824623091606,15.501481505971968,42.677263963737836,9.401317796466769
2002-09-10,6.056865283814659,16.326270423258276,43.080573900058596,8.756679566791583
2002-09-11,6.405105538699753,16.066747782303796,42.635387280740346,9.706480027269851
2002-09-12,5.0421032399661705,17.061090520560448,44.276786293694045,11.727051439182222
2002-09-13,5.246615905768762,16.628573532481873,44.73853762328602,12.69465518051902
2002-09-14,4.695382108073803,16.49409868665451,42.89771601786152,14.527481508691599
2002-09-15,3.9702953918053545,18.06113223196364,43.02253839582385,12.211776073710293
2002-09-16,2.556042449852281,17.764602966376025,44.31553601128309,12.486828358888085
2002-09-17,1.8088369092406467,17.086019956665325,43.65725764913037,12.22981434597274
2002-09-18,3.1021291876059713,16.76817965095899,44.55972754948384,12.820174880784746
2002-09-19,3.401359770914826,16.527213544680514,45.241731969340776,13.64699967352036
2002-09-20,2.878207144119422,17.560369267202216,44.46728614190984,13.968494484301983
2002-09-21,3.8168745433276507,17.218163660613435,43.02522505051096,14.432840985556279
2002-09-22,5.10249952152211,17.141030551272188,44.565917293373126,13.228396805712821
2002-09-23,3.612311595443601,16.345056502196655,44.78572570140737,12.570100266377153
2002-09-24,3.8675244872515715,16.824123946926377,43.45490586637388,11.478013835867316
2002-09-25,2.5002136845999985,15.512544892486249,45.26444816402774,9.539979961127376
2002-09-26,3.6504657567743966,13.615658073602864,45.24853194657854,9.092070168104074
